ad_id,ad_text,click_through_rate
1,Exclusive deal for you,2.29
2,Exclusive deal for you,1.68
3,Buy now and save big,1.7
4,Huge savings available,5.67
5,Top rated product,2.74
6,Hurry! Offer ends soon,3.6
7,Hurry! Offer ends soon,5.33
8,Hurry! Offer ends soon,5.02
9,Buy now and save big,5.41
10,Buy now and save big,4.87
11,Shop latest collection,1.64
12,Special festival sale,6.75
13,Best price guaranteed,3.46
14,Shop latest collection,3.6
15,Hurry! Offer ends soon,1.12
16,Hurry! Offer ends soon,4.86
17,Special festival sale,5.53
18,Buy now and save big,6.5
19,Special festival sale,3.87
20,Hurry! Offer ends soon,5.14
21,Huge savings available,2.82
22,Exclusive deal for you,1.78
23,Hurry! Offer ends soon,2.66
24,Shop latest collection,6.71
25,Limited offer today,1.33
26,Best price guaranteed,3.43
27,Huge savings available,2.14
28,Limited offer today,5.87
29,Hurry! Offer ends soon,6.87
30,Huge savings available,2.16
31,Limited offer today,2.76
32,Huge savings available,2.35
33,Best price guaranteed,5.52
34,Huge savings available,4.64
35,Hurry! Offer ends soon,5.32
36,Shop latest collection,2.78
37,Shop latest collection,4.97
38,Shop latest collection,1.16
39,Buy now and save big,6.28
40,Special festival sale,2.06
41,Top rated product,2.66
42,Shop latest collection,1.11
43,Special festival sale,3.2
44,Top rated product,5.23
45,Top rated product,1.73
46,Shop latest collection,3.27
47,Best price guaranteed,4.78
48,Buy now and save big,3.81
49,Limited offer today,1.85
50,Limited offer today,4.7
51,Buy now and save big,2.02
52,Shop latest collection,5.03
53,Huge savings available,5.78
54,Limited offer today,6.79
55,Exclusive deal for you,4.05
56,Limited offer today,3.7
57,Limited offer today,2.83
58,Huge savings available,3.45
59,Huge savings available,6.74
60,Exclusive deal for you,6.86
61,Special festival sale,3.48
62,Best price guaranteed,5.44
63,Top rated product,5.6
64,Top rated product,1.6
65,Hurry! Offer ends soon,2.31
66,Huge savings available,1.63
67,Special festival sale,5.71
68,Huge savings available,3.14
69,Exclusive deal for you,6.26
70,Exclusive deal for you,3.84
71,Top rated product,4.55
72,Top rated product,1.78
73,Special festival sale,1.47
74,Top rated product,4.3
75,Exclusive deal for you,4.65
76,Buy now and save big,4.76
77,Shop latest collection,4.9
78,Exclusive deal for you,4.13
79,Exclusive deal for you,6.1
80,Hurry! Offer ends soon,6.19
81,Exclusive deal for you,1.55
82,Huge savings available,2.32
83,Huge savings available,3.11
84,Shop latest collection,4.04
85,Best price guaranteed,2.83
86,Exclusive deal for you,6.94
87,Best price guaranteed,5.9
88,Huge savings available,5.1
89,Shop latest collection,4.24
90,Shop latest collection,5.63
91,Buy now and save big,5.68
92,Limited offer today,5.3
93,Top rated product,1.82
94,Huge savings available,6.04
95,Special festival sale,5.41
96,Limited offer today,4.21
97,Top rated product,4.28
98,Huge savings available,2.64
99,Shop latest collection,2.87
100,Huge savings available,2.54
101,Special festival sale,3.87
102,Buy now and save big,4.67
103,Limited offer today,2.19
104,Limited offer today,6.19
105,Huge savings available,1.36
106,Special festival sale,4.3
107,Buy now and save big,3.08
108,Shop latest collection,6.6
109,Exclusive deal for you,5.38
110,Top rated product,1.89
111,Buy now and save big,6.03
112,Exclusive deal for you,3.73
113,Top rated product,6.12
114,Shop latest collection,4.75
115,Limited offer today,2.85
116,Buy now and save big,3.31
117,Top rated product,3.3
118,Special festival sale,1.11
119,Limited offer today,2.58
120,Best price guaranteed,1.97
121,Top rated product,1.45
122,Hurry! Offer ends soon,6.22
123,Top rated product,6.77
124,Hurry! Offer ends soon,4.17
125,Limited offer today,1.63
126,Top rated product,5.67
127,Top rated product,4.72
128,Limited offer today,2.35
129,Huge savings available,1.51
130,Hurry! Offer ends soon,4.78
131,Shop latest collection,5.44
132,Shop latest collection,6.21
133,Special festival sale,4.09
134,Best price guaranteed,6.85
135,Special festival sale,5.63
136,Special festival sale,4.32
137,Huge savings available,1.51
138,Buy now and save big,4.66
139,Buy now and save big,5.37
140,Hurry! Offer ends soon,2.33
141,Huge savings available,2.72
142,Buy now and save big,3.97
143,Top rated product,4.3
144,Exclusive deal for you,1.95
145,Exclusive deal for you,1.19
146,Huge savings available,1.54
147,Best price guaranteed,5.3
148,Top rated product,1.03
149,Top rated product,1.19
150,Buy now and save big,2.96
151,Buy now and save big,4.68
152,Shop latest collection,3.99
153,Exclusive deal for you,6.11
154,Exclusive deal for you,3.84
155,Shop latest collection,2.26
156,Special festival sale,3.84
157,Exclusive deal for you,4.13
158,Exclusive deal for you,5.47
159,Hurry! Offer ends soon,6.08
160,Hurry! Offer ends soon,1.4
161,Best price guaranteed,1.45
162,Huge savings available,3.26
163,Buy now and save big,5.13
164,Special festival sale,3.19
165,Exclusive deal for you,1.16
166,Best price guaranteed,6.2
167,Huge savings available,4.23
168,Special festival sale,4.96
169,Shop latest collection,4.73
170,Shop latest collection,2.93
171,Best price guaranteed,6.86
172,Limited offer today,3.85
173,Huge savings available,1.97
174,Limited offer today,2.88
175,Top rated product,4.13
176,Best price guaranteed,1.39
177,Buy now and save big,6.24
178,Hurry! Offer ends soon,2.84
179,Limited offer today,2.83
180,Hurry! Offer ends soon,5.62
181,Buy now and save big,6.3
182,Exclusive deal for you,4.13
183,Hurry! Offer ends soon,6.52
184,Shop latest collection,4.23
185,Best price guaranteed,1.77
186,Top rated product,5.26
187,Top rated product,5.3
188,Special festival sale,2.79
189,Exclusive deal for you,3.15
190,Limited offer today,2.13
191,Exclusive deal for you,2.66
192,Top rated product,1.45
193,Hurry! Offer ends soon,6.14
194,Buy now and save big,1.13
195,Hurry! Offer ends soon,1.8
196,Special festival sale,6.77
197,Top rated product,5.11
198,Buy now and save big,5.14
199,Top rated product,1.74
200,Exclusive deal for you,2.57
201,Exclusive deal for you,1.49
202,Best price guaranteed,6.48
203,Top rated product,2.43
204,Huge savings available,2.97
205,Hurry! Offer ends soon,1.54
206,Buy now and save big,6.35
207,Buy now and save big,5.35
208,Shop latest collection,1.84
209,Hurry! Offer ends soon,1.2
210,Huge savings available,2.8
211,Exclusive deal for you,5.05
212,Special festival sale,6.05
213,Huge savings available,1.13
214,Top rated product,4.24
215,Exclusive deal for you,4.63
216,Best price guaranteed,6.77
217,Hurry! Offer ends soon,5.89
218,Exclusive deal for you,3.76
219,Top rated product,1.43
220,Shop latest collection,4.53
221,Limited offer today,3.42
222,Top rated product,5.27
223,Hurry! Offer ends soon,6.58
224,Special festival sale,6.29
225,Limited offer today,5.74
226,Top rated product,4.08
227,Hurry! Offer ends soon,3.32
228,Shop latest collection,2.79
229,Best price guaranteed,5.03
230,Hurry! Offer ends soon,6.99
231,Best price guaranteed,6.85
232,Best price guaranteed,6.79
233,Exclusive deal for you,5.37
234,Huge savings available,3.49
235,Top rated product,1.16
236,Best price guaranteed,3.03
237,Shop latest collection,5.24
238,Special festival sale,6.54
239,Special festival sale,5.73
240,Buy now and save big,1.1
241,Top rated product,1.93
242,Hurry! Offer ends soon,4.77
243,Huge savings available,4.8
244,Exclusive deal for you,4.44
245,Top rated product,3.44
246,Shop latest collection,1.21
247,Best price guaranteed,3.18
248,Exclusive deal for you,6.89
249,Huge savings available,6.86
250,Hurry! Offer ends soon,2.68
251,Shop latest collection,1.61
252,Hurry! Offer ends soon,3.39
253,Best price guaranteed,1.44
254,Huge savings available,4.57
255,Limited offer today,5.02
256,Limited offer today,6.52
257,Hurry! Offer ends soon,3.23
258,Shop latest collection,4.62
259,Best price guaranteed,2.59
260,Hurry! Offer ends soon,3.26
261,Limited offer today,6.74
262,Buy now and save big,4.26
263,Exclusive deal for you,2.7
264,Shop latest collection,5.56
265,Exclusive deal for you,2.8
266,Exclusive deal for you,1.56
267,Best price guaranteed,6.67
268,Limited offer today,4.57
269,Limited offer today,4.02
270,Limited offer today,4.09
271,Exclusive deal for you,3.16
272,Buy now and save big,4.61
273,Best price guaranteed,2.12
274,Hurry! Offer ends soon,1.04
275,Buy now and save big,4.73
276,Limited offer today,5.21
277,Huge savings available,2.96
278,Hurry! Offer ends soon,6.41
279,Buy now and save big,3.82
280,Special festival sale,5.76
281,Exclusive deal for you,1.76
282,Best price guaranteed,3.44
283,Huge savings available,2.04
284,Best price guaranteed,5.24
285,Best price guaranteed,6.89
286,Exclusive deal for you,4.32
287,Exclusive deal for you,6.59
288,Special festival sale,2.99
289,Limited offer today,3.88
290,Buy now and save big,6.13
291,Buy now and save big,4.51
292,Buy now and save big,3.72
293,Buy now and save big,4.12
294,Best price guaranteed,6.74
295,Limited offer today,3.27
296,Huge savings available,5.56
297,Exclusive deal for you,3.44
298,Buy now and save big,3.55
299,Best price guaranteed,3.84
300,Best price guaranteed,1.74
301,Buy now and save big,4.34
302,Huge savings available,3.18
303,Hurry! Offer ends soon,2.39
304,Huge savings available,3.62
305,Huge savings available,3.99
306,Huge savings available,5.62
307,Shop latest collection,5.12
308,Huge savings available,4.64
309,Special festival sale,2.14
310,Exclusive deal for you,6.57
311,Top rated product,6.88
312,Limited offer today,3.87
313,Shop latest collection,4.06
314,Buy now and save big,4.27
315,Top rated product,4.26
316,Shop latest collection,3.28
317,Limited offer today,1.49
318,Buy now and save big,2.35
319,Top rated product,4.85
320,Limited offer today,2.72
321,Special festival sale,2.6
322,Best price guaranteed,2.58
323,Limited offer today,1.74
324,Best price guaranteed,2.02
325,Special festival sale,2.81
326,Shop latest collection,1.8
327,Shop latest collection,5.84
328,Buy now and save big,3.07
329,Huge savings available,2.41
330,Huge savings available,6.03
331,Shop latest collection,1.5
332,Hurry! Offer ends soon,4.31
333,Special festival sale,6.45
334,Special festival sale,2.58
335,Buy now and save big,3.98
336,Top rated product,4.86
337,Best price guaranteed,6.68
338,Limited offer today,6.17
339,Shop latest collection,1.95
340,Best price guaranteed,4.18
341,Buy now and save big,6.56
342,Huge savings available,1.41
343,Top rated product,3.97
344,Huge savings available,6.82
345,Limited offer today,2.0
346,Hurry! Offer ends soon,6.9
347,Best price guaranteed,3.75
348,Shop latest collection,3.9
349,Huge savings available,5.39
350,Limited offer today,5.36
351,Exclusive deal for you,6.38
352,Shop latest collection,5.84
353,Best price guaranteed,5.45
354,Limited offer today,2.34
355,Special festival sale,4.18
356,Exclusive deal for you,3.61
357,Best price guaranteed,6.78
358,Huge savings available,1.55
359,Shop latest collection,1.2
360,Special festival sale,5.3
361,Special festival sale,2.49
362,Shop latest collection,3.93
363,Hurry! Offer ends soon,4.23
364,Huge savings available,3.01
365,Top rated product,5.94
366,Special festival sale,5.13
367,Exclusive deal for you,4.71
368,Best price guaranteed,4.09
369,Exclusive deal for you,6.31
370,Buy now and save big,3.64
371,Exclusive deal for you,6.93
372,Exclusive deal for you,3.31
373,Hurry! Offer ends soon,4.53
374,Hurry! Offer ends soon,3.68
375,Exclusive deal for you,4.44
376,Top rated product,5.19
377,Special festival sale,3.64
378,Best price guaranteed,5.46
379,Limited offer today,1.3
380,Limited offer today,5.03
381,Best price guaranteed,3.72
382,Hurry! Offer ends soon,3.01
383,Buy now and save big,5.04
384,Special festival sale,3.14
385,Buy now and save big,2.53
386,Hurry! Offer ends soon,2.64
387,Limited offer today,3.94
388,Buy now and save big,6.97
389,Limited offer today,4.75
390,Top rated product,4.96
391,Hurry! Offer ends soon,4.0
392,Best price guaranteed,6.64
393,Buy now and save big,1.68
394,Best price guaranteed,6.77
395,Buy now and save big,1.73
396,Top rated product,4.4
397,Special festival sale,6.82
398,Special festival sale,2.43
399,Special festival sale,4.49
400,Limited offer today,3.89
401,Limited offer today,3.8
402,Special festival sale,5.49
403,Shop latest collection,3.82
404,Huge savings available,5.68
405,Hurry! Offer ends soon,5.54
406,Exclusive deal for you,3.03
407,Huge savings available,6.47
408,Huge savings available,4.3
409,Shop latest collection,5.67
410,Best price guaranteed,4.19
411,Top rated product,4.25
412,Special festival sale,6.83
413,Buy now and save big,2.77
414,Exclusive deal for you,1.07
415,Top rated product,1.29
416,Limited offer today,1.65
417,Buy now and save big,2.24
418,Hurry! Offer ends soon,6.75
419,Best price guaranteed,5.82
420,Limited offer today,2.42
421,Limited offer today,3.63
422,Exclusive deal for you,1.23
423,Special festival sale,5.98
424,Top rated product,3.56
425,Top rated product,5.47
426,Hurry! Offer ends soon,1.04
427,Buy now and save big,1.55
428,Huge savings available,3.43
429,Huge savings available,4.17
430,Huge savings available,1.18
431,Buy now and save big,5.9
432,Top rated product,4.36
433,Top rated product,1.16
434,Special festival sale,4.49
435,Limited offer today,4.13
436,Limited offer today,4.02
437,Special festival sale,6.29
438,Limited offer today,2.87
439,Huge savings available,5.07
440,Special festival sale,3.58
441,Hurry! Offer ends soon,1.93
442,Exclusive deal for you,4.94
443,Buy now and save big,1.71
444,Limited offer today,3.1
445,Hurry! Offer ends soon,4.61
446,Special festival sale,1.48
447,Top rated product,5.73
448,Best price guaranteed,3.31
449,Top rated product,5.74
450,Shop latest collection,6.22
451,Limited offer today,2.64
452,Best price guaranteed,3.55
453,Limited offer today,2.55
454,Top rated product,3.38
455,Special festival sale,6.76
456,Limited offer today,6.49
457,Shop latest collection,6.74
458,Buy now and save big,6.5
459,Limited offer today,4.9
460,Buy now and save big,2.84
461,Huge savings available,5.57
462,Exclusive deal for you,4.67
463,Shop latest collection,6.71
464,Shop latest collection,6.0
465,Exclusive deal for you,3.6
466,Buy now and save big,5.77
467,Exclusive deal for you,4.65
468,Special festival sale,4.22
469,Special festival sale,1.94
470,Limited offer today,4.55
471,Huge savings available,1.79
472,Top rated product,1.16
473,Shop latest collection,1.95
474,Shop latest collection,5.08
475,Shop latest collection,4.62
476,Exclusive deal for you,6.9
477,Special festival sale,5.74
478,Buy now and save big,3.78
479,Limited offer today,6.13
480,Exclusive deal for you,4.03
481,Limited offer today,6.9
482,Top rated product,2.5
483,Shop latest collection,6.0
484,Buy now and save big,1.08
485,Top rated product,5.18
486,Huge savings available,2.03
487,Buy now and save big,5.58
488,Huge savings available,2.77
489,Hurry! Offer ends soon,5.96
490,Hurry! Offer ends soon,3.14
491,Top rated product,2.13
492,Limited offer today,4.31
493,Special festival sale,2.75
494,Limited offer today,1.46
495,Limited offer today,6.71
496,Hurry! Offer ends soon,5.49
497,Limited offer today,4.25
498,Special festival sale,2.62
499,Hurry! Offer ends soon,2.28
500,Top rated product,6.18
501,Exclusive deal for you,5.32
502,Hurry! Offer ends soon,2.89
503,Top rated product,3.93
504,Special festival sale,5.74
505,Shop latest collection,2.19
506,Buy now and save big,1.15
507,Hurry! Offer ends soon,3.74
508,Exclusive deal for you,5.82
509,Hurry! Offer ends soon,2.64
510,Special festival sale,6.13
511,Shop latest collection,5.83
512,Top rated product,4.09
513,Shop latest collection,3.33
514,Shop latest collection,3.98
515,Special festival sale,2.94
516,Hurry! Offer ends soon,6.3
517,Hurry! Offer ends soon,5.5
518,Buy now and save big,4.81
519,Exclusive deal for you,3.76
520,Buy now and save big,4.93
521,Limited offer today,3.35
522,Shop latest collection,4.3
523,Exclusive deal for you,2.94
524,Buy now and save big,4.53
525,Best price guaranteed,6.66
526,Special festival sale,3.29
527,Special festival sale,6.39
528,Limited offer today,2.75
529,Best price guaranteed,6.88
530,Best price guaranteed,2.2
531,Shop latest collection,2.92
532,Exclusive deal for you,5.6
533,Shop latest collection,2.45
534,Shop latest collection,5.98
535,Exclusive deal for you,3.2
536,Special festival sale,6.7
537,Best price guaranteed,5.43
538,Special festival sale,1.99
539,Shop latest collection,4.99
540,Hurry! Offer ends soon,3.6
541,Shop latest collection,6.22
542,Hurry! Offer ends soon,1.28
543,Limited offer today,6.77
544,Hurry! Offer ends soon,4.24
545,Buy now and save big,5.58
546,Exclusive deal for you,4.54
547,Buy now and save big,2.57
548,Best price guaranteed,5.52
549,Huge savings available,4.43
550,Huge savings available,1.44
551,Hurry! Offer ends soon,4.51
552,Huge savings available,1.89
553,Huge savings available,4.58
554,Hurry! Offer ends soon,1.07
555,Shop latest collection,1.65
556,Top rated product,4.18
557,Special festival sale,1.95
558,Exclusive deal for you,6.76
559,Limited offer today,1.44
560,Special festival sale,3.91
561,Buy now and save big,1.44
562,Limited offer today,2.48
563,Top rated product,6.43
564,Limited offer today,3.37
565,Huge savings available,4.98
566,Exclusive deal for you,6.65
567,Hurry! Offer ends soon,6.99
568,Buy now and save big,6.13
569,Best price guaranteed,2.07
570,Buy now and save big,5.56
571,Huge savings available,4.51
572,Limited offer today,5.96
573,Shop latest collection,3.73
574,Top rated product,2.79
575,Hurry! Offer ends soon,3.63
576,Buy now and save big,5.39
577,Best price guaranteed,2.23
578,Best price guaranteed,6.07
579,Hurry! Offer ends soon,1.29
580,Shop latest collection,1.12
581,Shop latest collection,6.85
582,Limited offer today,3.68
583,Special festival sale,5.58
584,Top rated product,6.1
585,Top rated product,1.71
586,Exclusive deal for you,5.0
587,Special festival sale,2.07
588,Buy now and save big,4.51
589,Best price guaranteed,4.75
590,Huge savings available,4.54
591,Best price guaranteed,6.36
592,Buy now and save big,4.55
593,Shop latest collection,5.93
594,Top rated product,5.01
595,Shop latest collection,1.52
596,Exclusive deal for you,2.27
597,Limited offer today,5.62
598,Huge savings available,1.94
599,Special festival sale,4.19
600,Best price guaranteed,5.44
601,Limited offer today,5.21
602,Huge savings available,6.63
603,Exclusive deal for you,2.56
604,Top rated product,2.38
605,Special festival sale,6.84
606,Shop latest collection,1.04
607,Shop latest collection,2.82
608,Special festival sale,2.4
609,Top rated product,3.1
610,Hurry! Offer ends soon,6.4
611,Shop latest collection,6.71
612,Top rated product,2.21
613,Special festival sale,6.96
614,Buy now and save big,1.79
615,Best price guaranteed,3.62
616,Special festival sale,2.47
617,Huge savings available,3.63
618,Special festival sale,6.03
619,Huge savings available,4.68
620,Huge savings available,2.4
621,Exclusive deal for you,6.49
622,Special festival sale,6.06
623,Hurry! Offer ends soon,3.07
624,Best price guaranteed,5.85
625,Top rated product,5.93
626,Top rated product,3.93
627,Special festival sale,1.94
628,Hurry! Offer ends soon,1.57
629,Exclusive deal for you,4.72
630,Exclusive deal for you,1.22
631,Best price guaranteed,6.51
632,Special festival sale,2.03
633,Hurry! Offer ends soon,4.2
634,Exclusive deal for you,2.64
635,Best price guaranteed,3.48
636,Best price guaranteed,3.84
637,Special festival sale,4.89
638,Top rated product,2.37
639,Exclusive deal for you,1.33
640,Shop latest collection,4.49
641,Huge savings available,6.97
642,Best price guaranteed,6.59
643,Special festival sale,1.8
644,Hurry! Offer ends soon,1.58
645,Hurry! Offer ends soon,4.46
646,Limited offer today,4.84
647,Special festival sale,4.94
648,Exclusive deal for you,2.24
649,Limited offer today,3.91
650,Best price guaranteed,4.81
651,Best price guaranteed,6.64
652,Limited offer today,6.18
653,Hurry! Offer ends soon,6.89
654,Top rated product,6.54
655,Special festival sale,2.67
656,Huge savings available,3.76
657,Top rated product,2.47
658,Buy now and save big,3.83
659,Shop latest collection,1.95
660,Hurry! Offer ends soon,5.87
661,Best price guaranteed,6.54
662,Hurry! Offer ends soon,7.0
663,Shop latest collection,3.28
664,Best price guaranteed,3.34
665,Buy now and save big,3.97
666,Buy now and save big,3.6
667,Huge savings available,6.05
668,Special festival sale,5.66
669,Huge savings available,1.41
670,Exclusive deal for you,3.15
671,Hurry! Offer ends soon,4.28
672,Top rated product,5.01
673,Shop latest collection,1.35
674,Buy now and save big,1.4
675,Exclusive deal for you,2.72
676,Huge savings available,4.33
677,Special festival sale,2.11
678,Huge savings available,1.63
679,Limited offer today,5.26
680,Best price guaranteed,2.87
681,Best price guaranteed,6.43
682,Limited offer today,6.83
683,Special festival sale,5.08
684,Hurry! Offer ends soon,3.49
685,Top rated product,6.24
686,Buy now and save big,2.42
687,Huge savings available,3.35
688,Limited offer today,2.05
689,Shop latest collection,1.16
690,Special festival sale,6.34
691,Hurry! Offer ends soon,6.05
692,Top rated product,5.13
693,Special festival sale,1.01
694,Limited offer today,1.43
695,Buy now and save big,1.55
696,Top rated product,4.14
697,Top rated product,1.81
698,Hurry! Offer ends soon,5.58
699,Buy now and save big,5.42
700,Buy now and save big,4.47
701,Huge savings available,1.41
702,Hurry! Offer ends soon,4.85
703,Shop latest collection,4.12
704,Buy now and save big,2.75
705,Best price guaranteed,4.3
706,Top rated product,3.63
707,Best price guaranteed,1.79
708,Best price guaranteed,4.65
709,Huge savings available,2.46
710,Buy now and save big,4.63
711,Huge savings available,2.51
712,Exclusive deal for you,1.18
713,Top rated product,6.44
714,Limited offer today,6.74
715,Buy now and save big,5.52
716,Best price guaranteed,2.56
717,Special festival sale,3.97
718,Huge savings available,6.68
719,Limited offer today,3.65
720,Shop latest collection,3.49
721,Top rated product,6.65
722,Hurry! Offer ends soon,6.56
723,Best price guaranteed,3.67
724,Buy now and save big,4.88
725,Shop latest collection,6.24
726,Limited offer today,2.45
727,Exclusive deal for you,6.55
728,Shop latest collection,5.06
729,Top rated product,3.18
730,Buy now and save big,4.01
731,Hurry! Offer ends soon,6.28
732,Hurry! Offer ends soon,5.61
733,Special festival sale,1.9
734,Hurry! Offer ends soon,6.79
735,Top rated product,4.96
736,Top rated product,1.44
737,Best price guaranteed,3.23
738,Best price guaranteed,4.71
739,Shop latest collection,6.79
740,Shop latest collection,1.33
741,Exclusive deal for you,1.71
742,Hurry! Offer ends soon,2.25
743,Limited offer today,1.3
744,Limited offer today,5.54
745,Limited offer today,4.42
746,Buy now and save big,3.65
747,Exclusive deal for you,4.34
748,Limited offer today,6.66
749,Limited offer today,4.1
750,Huge savings available,3.49
751,Shop latest collection,6.36
752,Best price guaranteed,6.56
753,Top rated product,6.58
754,Exclusive deal for you,5.08
755,Special festival sale,3.04
756,Hurry! Offer ends soon,6.6
757,Buy now and save big,6.61
758,Special festival sale,4.41
759,Special festival sale,2.57
760,Best price guaranteed,4.46
761,Limited offer today,3.55
762,Exclusive deal for you,3.5
763,Shop latest collection,5.73
764,Shop latest collection,5.82
765,Best price guaranteed,6.21
766,Best price guaranteed,6.77
767,Hurry! Offer ends soon,1.57
768,Limited offer today,4.49
769,Top rated product,5.3
770,Top rated product,5.95
771,Best price guaranteed,6.08
772,Exclusive deal for you,4.98
773,Best price guaranteed,1.02
774,Huge savings available,3.99
775,Huge savings available,6.93
776,Special festival sale,2.12
777,Shop latest collection,2.29
778,Best price guaranteed,3.33
779,Hurry! Offer ends soon,5.75
780,Special festival sale,2.07
781,Limited offer today,5.32
782,Limited offer today,4.52
783,Limited offer today,4.8
784,Best price guaranteed,5.57
785,Special festival sale,5.43
786,Hurry! Offer ends soon,6.39
787,Limited offer today,1.74
788,Buy now and save big,6.95
789,Buy now and save big,6.9
790,Special festival sale,2.05
791,Best price guaranteed,2.61
792,Hurry! Offer ends soon,4.66
793,Best price guaranteed,2.37
794,Shop latest collection,3.44
795,Shop latest collection,2.19
796,Huge savings available,5.4
797,Exclusive deal for you,1.25
798,Limited offer today,5.84
799,Best price guaranteed,5.74
800,Shop latest collection,2.78
801,Hurry! Offer ends soon,2.37
802,Special festival sale,5.77
803,Best price guaranteed,4.22
804,Special festival sale,6.47
805,Exclusive deal for you,2.72
806,Hurry! Offer ends soon,1.96
807,Huge savings available,1.12
808,Best price guaranteed,2.19
809,Exclusive deal for you,2.18
810,Buy now and save big,4.28
811,Top rated product,2.3
812,Special festival sale,2.63
813,Hurry! Offer ends soon,1.02
814,Best price guaranteed,6.59
815,Special festival sale,2.18
816,Buy now and save big,6.48
817,Best price guaranteed,3.86
818,Exclusive deal for you,2.02
819,Hurry! Offer ends soon,6.35
820,Best price guaranteed,4.93
821,Special festival sale,1.25
822,Top rated product,6.76
823,Limited offer today,2.78
824,Buy now and save big,1.61
825,Special festival sale,4.21
826,Limited offer today,1.88
827,Limited offer today,6.09
828,Huge savings available,2.42
829,Buy now and save big,1.78
830,Special festival sale,2.39
831,Best price guaranteed,4.92
832,Shop latest collection,3.14
833,Exclusive deal for you,5.32
834,Shop latest collection,3.3
835,Limited offer today,5.79
836,Limited offer today,3.96
837,Buy now and save big,2.41
838,Exclusive deal for you,4.29
839,Buy now and save big,6.26
840,Limited offer today,6.72
841,Buy now and save big,4.53
842,Buy now and save big,5.11
843,Limited offer today,1.53
844,Hurry! Offer ends soon,5.32
845,Shop latest collection,4.23
846,Hurry! Offer ends soon,2.44
847,Limited offer today,1.54
848,Exclusive deal for you,2.95
849,Limited offer today,6.65
850,Huge savings available,3.86
851,Shop latest collection,6.18
852,Best price guaranteed,6.89
853,Hurry! Offer ends soon,6.17
854,Best price guaranteed,1.66
855,Top rated product,3.13
856,Exclusive deal for you,1.48
857,Huge savings available,3.67
858,Top rated product,1.6
859,Shop latest collection,2.89
860,Best price guaranteed,4.78
861,Huge savings available,2.81
862,Limited offer today,2.91
863,Hurry! Offer ends soon,1.69
864,Hurry! Offer ends soon,4.16
865,Shop latest collection,4.78
866,Limited offer today,6.95
867,Buy now and save big,2.31
868,Limited offer today,3.75
869,Buy now and save big,6.08
870,Limited offer today,5.11
871,Special festival sale,6.48
872,Buy now and save big,2.68
873,Buy now and save big,3.48
874,Shop latest collection,6.38
875,Hurry! Offer ends soon,6.32
876,Shop latest collection,3.12
877,Best price guaranteed,1.43
878,Top rated product,1.11
879,Limited offer today,2.12
880,Limited offer today,3.86
881,Shop latest collection,6.3
882,Huge savings available,1.83
883,Top rated product,4.1
884,Limited offer today,5.99
885,Huge savings available,3.63
886,Best price guaranteed,6.28
887,Exclusive deal for you,3.32
888,Limited offer today,3.77
889,Limited offer today,2.11
890,Hurry! Offer ends soon,4.61
891,Exclusive deal for you,3.01
892,Shop latest collection,3.29
893,Huge savings available,3.94
894,Special festival sale,1.7
895,Limited offer today,3.12
896,Special festival sale,1.79
897,Hurry! Offer ends soon,3.86
898,Buy now and save big,4.96
899,Best price guaranteed,4.95
900,Top rated product,5.13
901,Buy now and save big,4.31
902,Special festival sale,5.49
903,Shop latest collection,1.41
904,Top rated product,5.37
905,Best price guaranteed,2.05
906,Buy now and save big,2.95
907,Huge savings available,2.89
908,Best price guaranteed,3.83
909,Shop latest collection,6.07
910,Special festival sale,4.67
911,Top rated product,3.73
912,Huge savings available,3.67
913,Buy now and save big,5.0
914,Top rated product,3.45
915,Exclusive deal for you,2.6
916,Special festival sale,5.29
917,Buy now and save big,5.75
918,Hurry! Offer ends soon,1.88
919,Huge savings available,1.09
920,Exclusive deal for you,4.08
921,Huge savings available,5.68
922,Special festival sale,4.83
923,Hurry! Offer ends soon,3.53
924,Limited offer today,2.32
925,Shop latest collection,1.0
926,Buy now and save big,6.43
927,Special festival sale,2.58
928,Huge savings available,6.56
929,Best price guaranteed,5.93
930,Buy now and save big,6.92
931,Exclusive deal for you,6.05
932,Exclusive deal for you,6.25
933,Best price guaranteed,5.65
934,Best price guaranteed,5.65
935,Exclusive deal for you,5.07
936,Top rated product,4.89
937,Top rated product,6.97
938,Limited offer today,3.28
939,Hurry! Offer ends soon,3.94
940,Top rated product,2.74
941,Huge savings available,2.79
942,Limited offer today,6.24
943,Special festival sale,3.02
944,Huge savings available,4.61
945,Shop latest collection,2.87
946,Shop latest collection,1.52
947,Limited offer today,3.41
948,Best price guaranteed,5.0
949,Exclusive deal for you,4.41
950,Huge savings available,3.83
951,Hurry! Offer ends soon,4.76
952,Huge savings available,1.59
953,Shop latest collection,4.05
954,Top rated product,6.78
955,Huge savings available,2.39
956,Best price guaranteed,3.06
957,Hurry! Offer ends soon,6.41
958,Best price guaranteed,5.68
959,Best price guaranteed,4.03
960,Buy now and save big,3.62
961,Limited offer today,2.82
962,Exclusive deal for you,1.67
963,Huge savings available,3.69
964,Special festival sale,6.79
965,Exclusive deal for you,2.45
966,Huge savings available,3.78
967,Hurry! Offer ends soon,2.7
968,Shop latest collection,6.82
969,Huge savings available,5.72
970,Top rated product,1.43
971,Best price guaranteed,2.97
972,Huge savings available,4.33
973,Buy now and save big,2.65
974,Shop latest collection,2.61
975,Top rated product,6.62
976,Buy now and save big,1.01
977,Best price guaranteed,3.87
978,Hurry! Offer ends soon,3.98
979,Huge savings available,5.66
980,Top rated product,5.3
981,Buy now and save big,2.51
982,Limited offer today,4.84
983,Top rated product,1.63
984,Special festival sale,1.44
985,Best price guaranteed,3.59
986,Limited offer today,2.15
987,Exclusive deal for you,5.29
988,Shop latest collection,5.03
989,Buy now and save big,4.39
990,Exclusive deal for you,3.85
991,Special festival sale,6.03
992,Exclusive deal for you,1.64
993,Top rated product,4.78
994,Limited offer today,1.09
995,Exclusive deal for you,5.66
996,Buy now and save big,3.84
997,Shop latest collection,1.65
998,Special festival sale,5.21
999,Buy now and save big,2.62
1000,Top rated product,3.9
